"Width","Height","Kernel","SimWallMs","SimFps","SimCycles","HwFpsAt20MHz","HwFpsAt40MHz","TbAllPass"
"160","120","gaussian5","5830.312","0.171517","0","0","0","True"
"160","120","sharpen5","5666.066","0.176489","0","0","0","True"
"160","120","laplacian5","5631.047","0.177587","0","0","0","True"
"320","240","gaussian5","22503.657","0.044437","0","0","0","True"
"320","240","sharpen5","22431.738","0.04458","0","0","0","True"
"320","240","laplacian5","22542.058","0.044362","0","0","0","True"
"640","480","gaussian5","90069.147","0.011103","0","0","0","True"
"640","480","sharpen5","87935.183","0.011372","0","0","0","True"
"640","480","laplacian5","88658.455","0.011279","0","0","0","True"
